{"cameraMode":{"drawMode":0,"name":"Shaded","section":"Shading Mode"},"sceneLighting":false,"audioPlay":false,"sceneViewState":{"showFog":false,"showMaterialUpdate":false,"showSkybox":false,"showFlares":false,"showImageEffects":false,"showParticleSystems":false},"in2DMode":false,"pivot":{"x":11.667852401733399,"y":131.34988403320313,"z":5.627258777618408},"rotation":{"x":-0.07960768043994904,"y":0.9023758172988892,"z":0.37885135412216189,"w":0.18948842585086823},"size":8.064756393432618,"orthographic":false}