{"cameraMode":{"drawMode":0,"name":"Shaded","section":"Shading Mode"},"sceneLighting":false,"audioPlay":false,"sceneViewState":{"showFog":true,"showMaterialUpdate":false,"showSkybox":true,"showFlares":true,"showImageEffects":true,"showParticleSystems":true},"in2DMode":false,"pivot":{"x":11.585269927978516,"y":125.07403564453125,"z":5.981903076171875},"rotation":{"x":0.1131700798869133,"y":-0.7837256789207459,"z":0.1499549150466919,"w":0.5920137166976929},"size":45.643680572509769,"orthographic":false}