{"cameraMode":{"drawMode":0,"name":"Shaded","section":"Shading Mode"},"sceneLighting":true,"audioPlay":false,"sceneViewState":{"showFog":true,"showMaterialUpdate":true,"showSkybox":true,"showFlares":true,"showImageEffects":true,"showParticleSystems":true},"in2DMode":false,"pivot":{"x":11.927482604980469,"y":126.14414978027344,"z":4.8363871574401859},"rotation":{"x":-0.06677143275737763,"y":0.6944754719734192,"z":-0.06498618423938751,"w":-0.7134649157524109},"size":14.216619491577149,"orthographic":false}