{"cameraMode":{"drawMode":0,"name":"Shaded","section":"Shading Mode"},"sceneLighting":false,"audioPlay":false,"sceneViewState":{"showFog":false,"showMaterialUpdate":false,"showSkybox":false,"showFlares":false,"showImageEffects":false,"showParticleSystems":false},"in2DMode":false,"pivot":{"x":11.428476333618164,"y":124.99166870117188,"z":5.628109455108643},"rotation":{"x":-0.1343868374824524,"y":0.20314453542232514,"z":-0.028107240796089174,"w":-0.9695560336112976},"size":11.57301139831543,"orthographic":false}